timestamp,open,high,low,close,volume
2025-12-22 23:39:00,88481.81,88510.93,88481.8,88500.28,2.86925
2025-12-22 23:40:00,88500.28,88500.29,88485.25,88485.26,10.36615
2025-12-22 23:41:00,88485.25,88485.25,88456.49,88456.5,1.52326
2025-12-22 23:42:00,88456.5,88498.34,88456.49,88489.49,1.93771
2025-12-22 23:43:00,88489.49,88515.54,88485.52,88515.53,1.04223
2025-12-22 23:44:00,88515.54,88515.54,88504.79,88504.79,0.20944
2025-12-22 23:45:00,88504.8,88507.08,88470.15,88472.79,1.59104
2025-12-22 23:46:00,88472.79,88483.43,88472.78,88483.42,0.48552
2025-12-22 23:47:00,88483.43,88496.18,88470.15,88470.15,0.73147
2025-12-22 23:48:00,88470.16,88470.16,88470.15,88470.16,4.22973
2025-12-22 23:49:00,88470.16,88470.16,88440.0,88440.01,1.38139
2025-12-22 23:50:00,88440.01,88464.82,88440.01,88448.26,1.33372
2025-12-22 23:51:00,88448.26,88457.0,88448.25,88457.0,0.98605
2025-12-22 23:52:00,88456.99,88493.35,88430.43,88493.34,4.62255
2025-12-22 23:53:00,88493.35,88496.9,88493.35,88496.9,1.59041
2025-12-22 23:54:00,88496.89,88574.26,88496.89,88569.15,4.38295
2025-12-22 23:55:00,88569.14,88569.15,88540.0,88540.01,1.11933
2025-12-22 23:56:00,88540.01,88552.0,88540.0,88552.0,2.56989
2025-12-22 23:57:00,88552.0,88552.0,88538.03,88540.66,0.31108
2025-12-22 23:58:00,88540.66,88540.66,88540.65,88540.66,0.14082
2025-12-22 23:59:00,88540.66,88622.0,88540.65,88620.79,8.57918
2025-12-23 00:00:00,88620.79,88620.79,88547.38,88549.79,5.59079
2025-12-23 00:01:00,88549.79,88558.86,88542.09,88542.1,1.62653
2025-12-23 00:02:00,88542.1,88568.47,88542.09,88563.05,1.30301
2025-12-23 00:03:00,88563.06,88589.62,88506.8,88589.62,4.77833
2025-12-23 00:04:00,88589.61,88589.61,88504.78,88504.79,2.70236
2025-12-23 00:05:00,88504.79,88514.76,88504.78,88506.61,0.62007
2025-12-23 00:06:00,88506.62,88514.76,88504.79,88504.8,1.19423
2025-12-23 00:07:00,88504.8,88550.86,88504.79,88515.41,4.83718
2025-12-23 00:08:00,88515.41,88515.41,88515.4,88515.41,0.34891
2025-12-23 00:09:00,88515.41,88567.98,88515.4,88559.12,2.17368
2025-12-23 00:10:00,88559.12,88559.12,88515.4,88515.4,0.89142
2025-12-23 00:11:00,88515.41,88519.83,88515.4,88519.82,0.96764
2025-12-23 00:12:00,88519.83,88537.55,88519.83,88523.77,2.50992
2025-12-23 00:13:00,88523.78,88523.78,88523.77,88523.78,1.44005
2025-12-23 00:14:00,88523.78,88550.83,88523.77,88550.82,2.82429
2025-12-23 00:15:00,88550.83,88555.26,88544.3,88544.31,1.61526
2025-12-23 00:16:00,88544.3,88638.85,88544.3,88638.85,15.42393
2025-12-23 00:17:00,88638.85,88658.87,88602.11,88602.11,10.11553
2025-12-23 00:18:00,88602.12,88645.5,88602.12,88645.49,5.66064
2025-12-23 00:19:00,88645.5,88645.5,88629.25,88633.65,1.15218
2025-12-23 00:20:00,88633.65,88634.57,88573.39,88573.4,3.22399
2025-12-23 00:21:00,88573.4,88591.85,88573.4,88575.45,2.55054
2025-12-23 00:22:00,88575.45,88575.46,88560.7,88569.15,2.41371
2025-12-23 00:23:00,88569.16,88569.16,88541.9,88556.93,2.60436
2025-12-23 00:24:00,88556.92,88574.09,88556.92,88574.09,2.6348
2025-12-23 00:25:00,88574.09,88578.0,88574.08,88577.99,6.88057
2025-12-23 00:26:00,88577.99,88585.99,88577.99,88585.99,1.04772
2025-12-23 00:27:00,88586.0,88624.1,88585.99,88624.1,2.64168
2025-12-23 00:28:00,88624.11,88699.3,88624.11,88699.29,4.30682
2025-12-23 00:29:00,88699.29,88708.48,88629.24,88629.25,15.34585
2025-12-23 00:30:00,88629.25,88629.25,88585.38,88608.35,3.37607
2025-12-23 00:31:00,88608.34,88671.2,88608.34,88671.2,3.66709
2025-12-23 00:32:00,88671.19,88724.09,88671.19,88724.08,6.75139
2025-12-23 00:33:00,88724.08,88734.88,88706.35,88726.01,7.54886
2025-12-23 00:34:00,88726.01,88762.78,88723.98,88762.78,3.59571
2025-12-23 00:35:00,88762.77,88840.0,88762.77,88812.53,37.90356
2025-12-23 00:36:00,88812.52,88888.76,88812.52,88865.02,10.99693
2025-12-23 00:37:00,88865.02,88890.0,88865.02,88889.99,6.54022
2025-12-23 00:38:00,88889.99,88931.96,88889.22,88921.43,5.63547
2025-12-23 00:39:00,88921.43,88940.0,88882.02,88895.68,16.27698
2025-12-23 00:40:00,88895.68,88905.26,88750.0,88751.25,9.7317
2025-12-23 00:41:00,88751.25,88751.25,88708.47,88724.84,4.29343
2025-12-23 00:42:00,88724.84,88741.1,88718.71,88718.72,2.64024
2025-12-23 00:43:00,88718.71,88718.72,88714.27,88716.71,1.11097
2025-12-23 00:44:00,88716.71,88737.8,88704.0,88737.8,1.55271
2025-12-23 00:45:00,88737.8,88741.24,88684.56,88684.56,2.54112
2025-12-23 00:46:00,88684.56,88702.27,88683.87,88695.0,0.93329
2025-12-23 00:47:00,88695.0,88718.27,88695.0,88717.09,1.51993
2025-12-23 00:48:00,88717.1,88757.82,88717.09,88757.81,0.93658
2025-12-23 00:49:00,88757.82,88790.25,88752.01,88777.29,2.79464
2025-12-23 00:50:00,88777.3,88830.56,88777.29,88829.99,4.65762
2025-12-23 00:51:00,88829.99,88842.44,88800.95,88800.96,2.54113
2025-12-23 00:52:00,88800.96,88840.0,88784.67,88802.43,4.09996
2025-12-23 00:53:00,88802.44,88802.44,88780.1,88783.6,2.86524
2025-12-23 00:54:00,88783.6,88801.35,88783.59,88801.35,0.60591
2025-12-23 00:55:00,88801.34,88802.25,88792.09,88793.88,1.74341
2025-12-23 00:56:00,88793.88,88800.1,88771.33,88771.33,0.97213
2025-12-23 00:57:00,88771.34,88800.1,88771.33,88800.09,4.4329
2025-12-23 00:58:00,88800.1,88803.35,88794.24,88794.25,4.7179
2025-12-23 00:59:00,88794.25,88794.25,88770.46,88770.47,1.72778
2025-12-23 01:00:00,88770.47,88778.59,88700.09,88700.1,4.51727
2025-12-23 01:01:00,88700.09,88748.91,88688.96,88748.91,17.2311
2025-12-23 01:02:00,88748.91,88889.76,88748.9,88851.74,9.16608
2025-12-23 01:03:00,88851.74,88851.74,88820.0,88831.4,2.67471
2025-12-23 01:04:00,88831.4,88884.92,88831.39,88860.01,15.24374
2025-12-23 01:05:00,88860.01,88872.01,88828.64,88828.64,3.59517
2025-12-23 01:06:00,88828.65,88828.65,88825.91,88825.92,0.58955
2025-12-23 01:07:00,88825.92,88825.92,88780.48,88780.49,3.05378
2025-12-23 01:08:00,88780.48,88780.49,88702.31,88745.2,10.6426
2025-12-23 01:09:00,88745.2,88745.2,88706.73,88706.73,4.60148
2025-12-23 01:10:00,88706.74,88706.74,88660.46,88660.47,4.17212
2025-12-23 01:11:00,88660.47,88671.5,88660.46,88665.27,2.60659
2025-12-23 01:12:00,88665.27,88677.51,88656.41,88668.83,2.06275
2025-12-23 01:13:00,88668.83,88684.76,88660.0,88660.0,1.13072
2025-12-23 01:14:00,88660.01,88660.01,88626.6,88626.6,2.92267
2025-12-23 01:15:00,88626.6,88668.86,88626.6,88662.78,2.26217
2025-12-23 01:16:00,88662.77,88684.77,88642.24,88642.24,3.13097
2025-12-23 01:17:00,88642.24,88642.24,88589.01,88598.73,7.98293
2025-12-23 01:18:00,88598.72,88620.0,88580.0,88590.63,2.95263
2025-12-23 01:19:00,88590.63,88618.74,88578.0,88608.47,3.58139
2025-12-23 01:20:00,88608.48,88612.79,88584.0,88584.01,2.14447
2025-12-23 01:21:00,88584.01,88610.04,88584.0,88607.34,2.84963
2025-12-23 01:22:00,88607.34,88626.62,88606.62,88606.63,1.18559
2025-12-23 01:23:00,88606.62,88620.0,88596.45,88618.5,2.94193
2025-12-23 01:24:00,88618.5,88618.5,88604.9,88604.9,0.97481
2025-12-23 01:25:00,88604.89,88604.9,88597.05,88597.06,0.74345
2025-12-23 01:26:00,88597.06,88629.31,88597.05,88629.31,4.91121
2025-12-23 01:27:00,88629.31,88629.31,88629.3,88629.31,0.68518
2025-12-23 01:28:00,88629.3,88629.31,88597.39,88597.39,2.48422
2025-12-23 01:29:00,88597.39,88629.32,88587.04,88587.05,2.58967
2025-12-23 01:30:00,88587.05,88605.9,88581.9,88605.89,2.24947
2025-12-23 01:31:00,88605.89,88637.6,88605.89,88629.25,2.15814
2025-12-23 01:32:00,88629.26,88640.0,88621.11,88621.11,1.54918
2025-12-23 01:33:00,88621.12,88652.0,88620.01,88620.01,3.33577
2025-12-23 01:34:00,88620.01,88620.01,88550.0,88550.01,3.00862
2025-12-23 01:35:00,88550.01,88550.01,88480.0,88548.09,19.99342
2025-12-23 01:36:00,88548.72,88600.0,88548.72,88582.61,5.31316
2025-12-23 01:37:00,88582.61,88582.61,88540.7,88540.7,3.7935
2025-12-23 01:38:00,88540.71,88540.71,88500.0,88516.4,3.12306
2025-12-23 01:39:00,88516.4,88516.4,88456.34,88456.34,7.00439
2025-12-23 01:40:00,88456.34,88506.0,88430.0,88480.3,8.36656
2025-12-23 01:41:00,88480.31,88516.08,88480.3,88516.08,4.24361
2025-12-23 01:42:00,88516.08,88516.08,88507.32,88507.33,0.72986
2025-12-23 01:43:00,88507.33,88516.08,88505.9,88505.9,1.02986
2025-12-23 01:44:00,88505.91,88505.91,88489.72,88489.72,4.34927
2025-12-23 01:45:00,88489.73,88516.08,88489.72,88516.08,8.23329
2025-12-23 01:46:00,88516.07,88543.44,88491.18,88491.19,2.96239
2025-12-23 01:47:00,88491.18,88522.0,88491.18,88521.99,1.78456
2025-12-23 01:48:00,88522.0,88535.27,88521.99,88535.27,0.59907
2025-12-23 01:49:00,88535.27,88546.0,88535.26,88541.04,1.01334
2025-12-23 01:50:00,88541.04,88541.05,88523.64,88523.64,2.34943
2025-12-23 01:51:00,88523.65,88546.16,88523.64,88546.15,2.71891
2025-12-23 01:52:00,88546.16,88546.16,88478.1,88478.21,4.60473
2025-12-23 01:53:00,88478.21,88498.71,88464.22,88480.32,1.48152
2025-12-23 01:54:00,88480.33,88498.7,88480.32,88497.18,4.76298
2025-12-23 01:55:00,88497.19,88542.0,88497.19,88510.04,9.60287
2025-12-23 01:56:00,88510.04,88510.04,88510.03,88510.04,0.58827
2025-12-23 01:57:00,88510.03,88510.04,88510.03,88510.04,0.38894
2025-12-23 01:58:00,88510.04,88535.77,88510.03,88531.78,1.7617
2025-12-23 01:59:00,88531.79,88531.79,88513.71,88513.71,3.16241
2025-12-23 02:00:00,88513.72,88513.72,88450.0,88450.0,2.8088
2025-12-23 02:01:00,88450.0,88480.0,88431.56,88431.56,7.7457
2025-12-23 02:02:00,88431.57,88431.57,88401.0,88418.22,4.57091
2025-12-23 02:03:00,88418.23,88418.23,88404.97,88411.49,1.07381
2025-12-23 02:04:00,88411.5,88436.37,88287.6,88404.93,113.3273
2025-12-23 02:05:00,88404.93,88489.7,88404.93,88480.71,6.16224
2025-12-23 02:06:00,88480.71,88561.66,88480.7,88561.65,6.07767
2025-12-23 02:07:00,88561.66,88579.68,88541.31,88579.67,2.25193
2025-12-23 02:08:00,88579.68,88635.73,88579.68,88610.68,7.75909
2025-12-23 02:09:00,88610.69,88628.46,88607.42,88607.42,4.00047
2025-12-23 02:10:00,88607.42,88616.09,88561.66,88561.67,4.82197
2025-12-23 02:11:00,88561.66,88601.52,88561.66,88601.51,4.95835
2025-12-23 02:12:00,88601.52,88601.52,88522.57,88522.58,3.48838
2025-12-23 02:13:00,88522.58,88560.0,88522.57,88559.99,3.77635
2025-12-23 02:14:00,88559.99,88571.95,88559.99,88571.95,1.00334
2025-12-23 02:15:00,88571.95,88597.11,88557.2,88597.11,2.52054
2025-12-23 02:16:00,88597.1,88674.57,88589.74,88674.57,5.10159
2025-12-23 02:17:00,88674.57,88689.3,88650.54,88655.68,7.78124
2025-12-23 02:18:00,88655.68,88668.88,88626.08,88627.32,9.02928
2025-12-23 02:19:00,88627.32,88720.0,88627.32,88707.63,11.05057
2025-12-23 02:20:00,88707.63,88724.0,88707.62,88707.96,4.60005
2025-12-23 02:21:00,88707.96,88730.69,88659.31,88704.57,6.29197
2025-12-23 02:22:00,88704.56,88752.0,88682.58,88700.0,13.14106
2025-12-23 02:23:00,88700.01,88700.01,88675.81,88695.98,3.58827
2025-12-23 02:24:00,88695.98,88752.0,88695.97,88750.12,5.13636
2025-12-23 02:25:00,88750.11,88752.0,88708.47,88708.48,3.79202
2025-12-23 02:26:00,88708.47,88712.0,88700.0,88712.0,5.7362
2025-12-23 02:27:00,88711.99,88755.23,88711.99,88755.23,7.55993
2025-12-23 02:28:00,88755.23,88755.24,88723.99,88724.0,1.77544
2025-12-23 02:29:00,88724.0,88724.0,88700.0,88700.01,3.11336
2025-12-23 02:30:00,88700.01,88738.4,88700.01,88738.36,6.78066
2025-12-23 02:31:00,88738.36,88749.0,88708.48,88708.48,2.392
2025-12-23 02:32:00,88708.48,88721.1,88700.89,88700.89,2.29828
2025-12-23 02:33:00,88700.9,88700.9,88682.34,88688.58,1.94774
2025-12-23 02:34:00,88688.58,88688.58,88654.1,88654.11,6.38704
2025-12-23 02:35:00,88654.11,88660.01,88632.56,88654.49,2.41185
2025-12-23 02:36:00,88654.5,88654.5,88592.24,88592.24,19.85621
2025-12-23 02:37:00,88592.24,88592.24,88520.83,88542.14,13.4603
2025-12-23 02:38:00,88542.14,88542.14,88523.64,88523.65,1.83968
2025-12-23 02:39:00,88523.65,88523.65,88386.38,88386.39,11.76515
2025-12-23 02:40:00,88386.39,88449.38,88290.2,88290.2,19.58086
2025-12-23 02:41:00,88290.2,88342.84,88272.57,88278.73,11.87826
2025-12-23 02:42:00,88278.74,88340.33,88278.74,88283.72,10.52414
2025-12-23 02:43:00,88283.71,88325.11,88283.71,88304.05,2.20737
2025-12-23 02:44:00,88304.05,88304.05,88270.0,88270.01,3.42916
2025-12-23 02:45:00,88270.01,88270.01,88091.21,88172.01,123.98589
2025-12-23 02:46:00,88172.01,88246.96,88118.88,88246.96,12.67789
2025-12-23 02:47:00,88246.96,88256.0,88186.0,88200.01,9.40188
2025-12-23 02:48:00,88200.0,88227.19,88163.56,88172.76,5.84914
2025-12-23 02:49:00,88172.77,88301.09,88160.01,88282.13,8.54187
2025-12-23 02:50:00,88282.13,88304.65,88282.12,88290.32,4.65428
2025-12-23 02:51:00,88290.33,88312.41,88290.32,88310.52,7.72116
2025-12-23 02:52:00,88310.52,88310.52,88282.7,88295.14,3.46952
2025-12-23 02:53:00,88295.14,88312.41,88283.03,88289.32,5.22067
2025-12-23 02:54:00,88289.32,88289.32,88207.73,88213.68,3.4699
2025-12-23 02:55:00,88213.68,88255.6,88189.78,88240.9,5.6861
2025-12-23 02:56:00,88240.89,88240.9,88216.16,88216.16,1.55317
2025-12-23 02:57:00,88216.16,88216.17,88200.0,88212.36,1.12154
2025-12-23 02:58:00,88212.36,88212.36,88200.0,88200.0,1.19085
2025-12-23 02:59:00,88200.0,88211.95,88181.74,88206.8,4.4729
2025-12-23 03:00:00,88206.8,88212.35,88164.25,88181.2,4.34075
2025-12-23 03:01:00,88181.21,88181.21,88140.0,88140.01,3.29077
2025-12-23 03:02:00,88140.01,88153.61,88106.96,88138.93,4.97702
2025-12-23 03:03:00,88138.93,88138.93,88057.48,88106.72,9.33055
2025-12-23 03:04:00,88106.72,88106.73,88037.58,88037.6,8.90976
2025-12-23 03:05:00,88037.59,88037.6,88020.0,88020.01,6.78846
2025-12-23 03:06:00,88020.01,88020.01,87950.0,87956.45,35.78471
2025-12-23 03:07:00,87956.44,87956.44,87800.0,87919.99,77.39573
2025-12-23 03:08:00,87920.0,87932.4,87850.0,87925.4,7.34817
2025-12-23 03:09:00,87925.4,88050.0,87908.07,88034.67,8.25001
2025-12-23 03:10:00,88034.67,88050.0,87916.84,88039.62,19.00264
2025-12-23 03:11:00,88039.62,88073.16,88027.13,88042.46,4.25486
2025-12-23 03:12:00,88042.47,88121.52,88042.46,88104.35,14.95499
2025-12-23 03:13:00,88104.34,88153.71,88104.34,88124.0,7.68969
2025-12-23 03:14:00,88124.0,88137.43,88124.0,88127.99,1.78973
2025-12-23 03:15:00,88128.0,88179.05,88110.37,88179.04,3.7198
2025-12-23 03:16:00,88179.05,88240.0,88179.05,88239.99,9.61463
2025-12-23 03:17:00,88239.99,88264.0,88212.0,88212.0,3.67164
2025-12-23 03:18:00,88212.0,88256.0,88212.0,88217.77,3.66575
2025-12-23 03:19:00,88217.77,88251.28,88217.76,88232.02,2.90174
2025-12-23 03:20:00,88232.02,88260.0,88232.02,88260.0,2.14735
2025-12-23 03:21:00,88259.99,88268.53,88210.58,88268.52,5.39028
2025-12-23 03:22:00,88268.52,88268.52,88242.38,88262.36,4.43146
2025-12-23 03:23:00,88262.37,88274.03,88222.78,88222.78,4.02431
2025-12-23 03:24:00,88222.77,88222.78,88076.52,88076.53,3.93939
2025-12-23 03:25:00,88076.52,88196.48,88076.0,88172.96,14.62979
2025-12-23 03:26:00,88172.95,88204.41,88146.7,88196.68,9.10779
2025-12-23 03:27:00,88196.68,88221.72,88192.55,88221.71,1.34067
2025-12-23 03:28:00,88221.71,88221.71,88206.79,88217.29,0.97412
2025-12-23 03:29:00,88217.3,88217.3,88217.29,88217.3,0.61989
2025-12-23 03:30:00,88217.3,88250.0,88184.76,88229.59,3.93661
2025-12-23 03:31:00,88229.59,88229.59,88160.0,88170.58,3.67628
2025-12-23 03:32:00,88170.57,88197.47,88170.57,88179.36,2.49375
2025-12-23 03:33:00,88179.35,88234.58,88177.8,88228.39,2.16492
2025-12-23 03:34:00,88228.4,88266.16,88228.39,88266.16,1.52902
2025-12-23 03:35:00,88266.15,88266.16,88238.82,88258.74,1.80635
2025-12-23 03:36:00,88258.74,88258.74,88225.8,88242.04,0.9077
2025-12-23 03:37:00,88242.04,88265.21,88218.66,88227.49,2.86546
2025-12-23 03:38:00,88227.5,88259.39,88227.49,88259.39,4.23642
2025-12-23 03:39:00,88259.39,88287.56,88259.38,88287.56,3.48029
2025-12-23 03:40:00,88287.56,88350.0,88280.58,88330.27,13.59301
2025-12-23 03:41:00,88330.28,88350.0,88328.4,88332.34,8.45576
2025-12-23 03:42:00,88332.34,88355.56,88312.04,88355.55,5.0322
2025-12-23 03:43:00,88355.55,88355.56,88326.0,88327.22,4.20007
2025-12-23 03:44:00,88327.22,88327.22,88305.57,88321.0,1.53108
2025-12-23 03:45:00,88321.0,88321.0,88268.0,88278.59,4.88252
2025-12-23 03:46:00,88278.58,88278.59,88250.55,88250.57,1.49937
2025-12-23 03:47:00,88250.56,88263.8,88174.24,88174.25,12.22157
2025-12-23 03:48:00,88174.24,88201.7,88153.46,88198.93,4.45737
2025-12-23 03:49:00,88197.28,88214.93,88188.66,88214.93,3.48022
2025-12-23 03:50:00,88214.92,88214.93,88183.36,88183.37,1.10981
2025-12-23 03:51:00,88183.36,88204.91,88176.33,88176.33,3.16176
2025-12-23 03:52:00,88176.26,88200.01,88164.85,88200.0,3.99175
2025-12-23 03:53:00,88200.0,88236.01,88200.0,88220.76,2.84675
2025-12-23 03:54:00,88220.76,88252.94,88220.75,88234.25,3.99725
2025-12-23 03:55:00,88234.24,88234.25,88234.24,88234.25,3.97329
2025-12-23 03:56:00,88234.25,88262.86,88234.25,88259.05,4.29936
2025-12-23 03:57:00,88259.05,88277.99,88255.42,88255.43,3.03173
2025-12-23 03:58:00,88255.42,88255.42,88234.24,88238.23,2.79396
2025-12-23 03:59:00,88238.23,88238.48,88170.0,88170.0,13.91338
2025-12-23 04:00:00,88170.0,88208.3,88170.0,88186.68,3.09141
2025-12-23 04:01:00,88186.68,88186.69,88120.0,88121.64,8.5696
2025-12-23 04:02:00,88121.63,88122.76,88102.47,88102.48,6.13808
2025-12-23 04:03:00,88102.47,88117.18,88086.5,88115.69,4.53001
2025-12-23 04:04:00,88115.69,88115.69,88084.71,88085.2,5.08455
2025-12-23 04:05:00,88085.2,88150.82,88085.2,88134.11,5.98143
2025-12-23 04:06:00,88134.11,88160.0,88134.11,88160.0,3.48182
2025-12-23 04:07:00,88159.99,88167.68,88159.99,88167.67,1.79448
2025-12-23 04:08:00,88167.68,88193.49,88167.67,88193.48,2.83288
2025-12-23 04:09:00,88193.49,88241.61,88193.48,88241.61,5.49367
2025-12-23 04:10:00,88241.6,88346.96,88241.6,88316.88,8.56947
2025-12-23 04:11:00,88316.88,88323.07,88294.93,88323.06,9.89724
2025-12-23 04:12:00,88323.07,88368.05,88305.11,88305.5,12.53712
2025-12-23 04:13:00,88305.49,88305.49,88302.27,88302.28,1.56666
2025-12-23 04:14:00,88302.28,88319.18,88302.27,88308.91,5.00528
2025-12-23 04:15:00,88308.92,88308.92,88285.3,88285.3,2.5178
2025-12-23 04:16:00,88285.31,88285.31,88254.06,88254.07,0.93918
2025-12-23 04:17:00,88254.06,88280.0,88254.06,88273.24,5.61345
2025-12-23 04:18:00,88273.24,88295.31,88273.22,88295.31,5.35934
2025-12-23 04:19:00,88295.31,88302.21,88285.67,88301.09,4.94761
2025-12-23 04:20:00,88301.09,88301.1,88275.62,88275.89,1.28571
2025-12-23 04:21:00,88275.88,88277.72,88269.15,88269.16,10.06552
2025-12-23 04:22:00,88269.15,88269.16,88263.0,88264.87,3.19627
2025-12-23 04:23:00,88264.87,88302.21,88264.87,88302.2,1.19008
2025-12-23 04:24:00,88302.21,88368.1,88302.2,88357.56,7.47761
2025-12-23 04:25:00,88357.56,88363.49,88317.6,88317.6,4.90821
2025-12-23 04:26:00,88317.61,88317.61,88253.34,88253.35,18.95507
2025-12-23 04:27:00,88253.36,88261.94,88253.35,88261.94,1.19448
2025-12-23 04:28:00,88261.93,88261.94,88253.47,88253.47,1.04341
2025-12-23 04:29:00,88253.47,88253.48,88253.47,88253.47,2.31011
2025-12-23 04:30:00,88253.48,88253.48,88223.2,88223.2,5.10208
2025-12-23 04:31:00,88223.2,88224.1,88166.05,88166.06,5.73483
2025-12-23 04:32:00,88166.05,88174.31,88166.05,88174.3,0.67427
2025-12-23 04:33:00,88174.3,88174.3,88137.8,88137.8,3.95907
2025-12-23 04:34:00,88137.81,88172.01,88137.8,88170.08,10.38029
2025-12-23 04:35:00,88170.08,88170.08,88138.79,88138.8,2.03045
2025-12-23 04:36:00,88138.79,88138.8,88116.19,88116.2,0.77223
2025-12-23 04:37:00,88116.2,88134.97,88101.17,88101.18,4.49168
2025-12-23 04:38:00,88101.18,88101.18,88095.12,88100.74,3.64508
2025-12-23 04:39:00,88100.75,88121.86,88067.45,88106.42,29.27366
2025-12-23 04:40:00,88106.41,88106.42,88069.31,88097.57,6.86295
2025-12-23 04:41:00,88097.58,88102.97,88094.14,88102.96,1.32971
2025-12-23 04:42:00,88102.97,88110.59,88097.4,88097.41,3.70671
2025-12-23 04:43:00,88097.4,88137.24,88094.15,88137.24,2.59985
2025-12-23 04:44:00,88137.23,88137.24,88120.16,88120.17,1.54837
2025-12-23 04:45:00,88120.17,88136.62,88120.17,88136.61,1.5965
2025-12-23 04:46:00,88136.61,88136.61,88125.8,88125.8,0.56698
2025-12-23 04:47:00,88125.81,88144.0,88125.8,88127.92,3.1697
2025-12-23 04:48:00,88127.92,88127.92,88120.01,88120.14,1.54526
2025-12-23 04:49:00,88120.14,88120.15,88089.32,88089.32,5.30765
2025-12-23 04:50:00,88089.33,88098.98,88085.22,88085.22,1.41671
2025-12-23 04:51:00,88085.23,88089.86,88076.1,88076.1,3.40407
2025-12-23 04:52:00,88076.1,88076.11,88001.0,88001.33,6.66313
2025-12-23 04:53:00,88001.34,88036.53,88001.33,88036.53,2.00445
2025-12-23 04:54:00,88036.53,88060.0,88036.52,88041.47,1.8786
2025-12-23 04:55:00,88041.47,88044.81,88001.0,88005.17,9.08104
2025-12-23 04:56:00,88005.16,88005.17,87955.59,87965.26,21.88491
2025-12-23 04:57:00,87965.25,87968.27,87937.66,87968.27,8.10283
2025-12-23 04:58:00,87968.27,87968.27,87953.73,87953.73,1.19818
2025-12-23 04:59:00,87953.73,87980.0,87930.99,87930.99,3.40157
2025-12-23 05:00:00,87931.0,87984.39,87930.97,87984.39,10.36674
2025-12-23 05:01:00,87984.39,87984.39,87963.39,87966.95,8.8023
2025-12-23 05:02:00,87966.94,87966.95,87959.05,87959.06,1.25344
2025-12-23 05:03:00,87959.06,87963.45,87908.68,87929.46,29.24224
2025-12-23 05:04:00,87929.46,87941.99,87921.46,87928.84,6.24978
2025-12-23 05:05:00,87928.83,87931.23,87908.19,87908.2,2.28167
2025-12-23 05:06:00,87908.2,87908.2,87868.94,87868.95,15.68388
2025-12-23 05:07:00,87868.94,87911.78,87845.42,87893.49,10.99377
2025-12-23 05:08:00,87893.49,87916.63,87871.13,87916.63,6.38296
2025-12-23 05:09:00,87916.62,87980.0,87916.62,87968.24,7.17375
2025-12-23 05:10:00,87968.25,87968.25,87920.18,87920.19,1.07112
2025-12-23 05:11:00,87920.19,87959.46,87920.18,87959.46,2.21785
2025-12-23 05:12:00,87959.46,87959.46,87935.12,87935.13,1.55317
2025-12-23 05:13:00,87935.12,87954.08,87935.12,87954.07,3.47118
2025-12-23 05:14:00,87954.08,87954.08,87900.0,87900.01,4.18891
2025-12-23 05:15:00,87900.01,87915.68,87877.99,87878.0,4.00235
2025-12-23 05:16:00,87878.0,87924.58,87871.14,87924.57,3.47749
2025-12-23 05:17:00,87924.57,87971.67,87924.57,87967.28,2.13056
2025-12-23 05:18:00,87967.27,87972.33,87955.65,87972.32,2.15146
2025-12-23 05:19:00,87972.32,87972.32,87971.62,87971.63,0.95571
2025-12-23 05:20:00,87971.62,88000.0,87970.0,87999.99,3.00534
2025-12-23 05:21:00,88000.0,88000.0,87980.0,87980.01,3.23389
2025-12-23 05:22:00,87980.0,87997.84,87980.0,87997.84,5.17865
2025-12-23 05:23:00,87997.84,88015.9,87997.84,88009.89,4.13196
2025-12-23 05:24:00,88009.89,88009.9,88007.58,88007.58,4.82475
2025-12-23 05:25:00,88007.58,88007.59,87984.74,88002.35,5.40673
2025-12-23 05:26:00,88002.35,88025.71,88002.34,88021.45,8.62561
2025-12-23 05:27:00,88021.45,88021.45,88010.17,88010.18,1.01255
2025-12-23 05:28:00,88010.18,88010.18,87997.47,87997.48,2.60428
2025-12-23 05:29:00,87997.48,88008.8,87997.47,88008.8,4.09189
2025-12-23 05:30:00,88008.8,88008.8,87939.17,87939.18,10.50908
2025-12-23 05:31:00,87939.17,87963.81,87891.69,87899.99,5.22213
2025-12-23 05:32:00,87900.0,87934.75,87828.26,87828.88,6.5965
2025-12-23 05:33:00,87828.89,87837.2,87668.42,87738.7,84.26075
2025-12-23 05:34:00,87738.69,87738.69,87624.09,87624.1,24.94226
2025-12-23 05:35:00,87624.6,87759.28,87614.79,87732.94,25.92505
2025-12-23 05:36:00,87732.93,87758.02,87670.49,87758.02,9.5861
2025-12-23 05:37:00,87758.02,87760.0,87730.92,87760.0,2.99661
2025-12-23 05:38:00,87760.0,87797.06,87760.0,87790.99,2.72903
2025-12-23 05:39:00,87790.99,87804.59,87744.55,87765.27,24.51289
2025-12-23 05:40:00,87765.27,87793.26,87765.26,87776.08,2.93108
2025-12-23 05:41:00,87776.08,87814.27,87754.18,87814.27,3.29939
2025-12-23 05:42:00,87814.26,87814.27,87758.4,87758.41,5.25526
2025-12-23 05:43:00,87758.41,87795.74,87758.4,87770.16,9.49491
2025-12-23 05:44:00,87770.15,87780.0,87757.77,87779.99,2.84107
2025-12-23 05:45:00,87780.0,87796.83,87767.78,87767.78,1.86235
2025-12-23 05:46:00,87767.78,87767.79,87693.87,87704.28,6.61715
2025-12-23 05:47:00,87704.29,87722.72,87674.79,87714.0,11.98988
2025-12-23 05:48:00,87714.0,87714.0,87621.78,87677.17,10.59855
2025-12-23 05:49:00,87677.17,87711.8,87645.21,87711.79,6.84798
2025-12-23 05:50:00,87711.8,87775.55,87711.8,87766.86,9.75436
2025-12-23 05:51:00,87766.86,87807.32,87764.4,87799.98,6.7302
2025-12-23 05:52:00,87799.99,87829.7,87799.72,87813.74,4.10991
2025-12-23 05:53:00,87813.75,87813.75,87780.04,87801.82,3.86343
2025-12-23 05:54:00,87801.82,87801.82,87796.55,87796.55,0.96613
2025-12-23 05:55:00,87796.56,87796.56,87765.01,87780.41,3.41703
2025-12-23 05:56:00,87780.4,87826.0,87777.57,87822.0,16.90722
2025-12-23 05:57:00,87822.0,87840.0,87800.06,87800.07,5.05816
2025-12-23 05:58:00,87800.06,87808.86,87790.77,87790.78,2.31477
2025-12-23 05:59:00,87790.78,87799.05,87765.0,87765.01,5.07954
2025-12-23 06:00:00,87765.01,87765.01,87638.62,87638.63,25.61308
2025-12-23 06:01:00,87638.63,87704.02,87638.63,87677.18,6.05839
2025-12-23 06:02:00,87677.17,87710.19,87666.04,87666.05,7.13186
2025-12-23 06:03:00,87666.05,87774.64,87666.04,87753.42,7.21571
2025-12-23 06:04:00,87753.41,87753.42,87644.77,87672.52,15.74947
2025-12-23 06:05:00,87672.52,87738.78,87657.94,87738.78,4.57169
2025-12-23 06:06:00,87738.77,87758.0,87732.87,87746.45,2.6036
2025-12-23 06:07:00,87746.45,87780.0,87732.88,87774.24,4.53548
2025-12-23 06:08:00,87774.25,87774.25,87747.13,87755.47,1.4163
2025-12-23 06:09:00,87755.48,87773.69,87744.65,87769.26,3.06701
2025-12-23 06:10:00,87769.26,87769.27,87681.24,87687.38,10.28971
2025-12-23 06:11:00,87687.39,87697.86,87687.38,87697.86,1.14885
2025-12-23 06:12:00,87697.86,87697.86,87644.77,87644.77,6.37999
2025-12-23 06:13:00,87644.78,87644.78,87410.38,87618.61,110.59647
2025-12-23 06:14:00,87618.6,87634.83,87513.45,87540.0,21.18457
2025-12-23 06:15:00,87539.99,87608.49,87523.25,87554.09,23.00009
2025-12-23 06:16:00,87554.08,87613.53,87455.12,87455.12,9.54604
2025-12-23 06:17:00,87455.12,87505.37,87213.13,87286.01,75.54827
2025-12-23 06:18:00,87286.01,87340.0,87200.0,87321.98,43.55673
2025-12-23 06:19:00,87321.97,87321.97,87173.36,87263.17,17.18591
2025-12-23 06:20:00,87263.17,87317.94,87200.0,87317.94,15.74387
2025-12-23 06:21:00,87317.93,87317.93,87261.03,87279.93,10.09036
2025-12-23 06:22:00,87279.94,87314.0,87160.0,87170.1,35.50462
2025-12-23 06:23:00,87170.11,87236.6,87142.91,87236.59,17.80166
2025-12-23 06:24:00,87236.59,87236.59,87155.18,87163.01,15.07713
2025-12-23 06:25:00,87163.02,87208.23,87051.52,87139.43,37.1605
2025-12-23 06:26:00,87139.44,87218.94,87114.6,87218.94,25.04322
2025-12-23 06:27:00,87218.94,87240.0,87210.21,87239.99,6.13359
2025-12-23 06:28:00,87240.0,87250.0,87213.58,87223.57,8.15931
2025-12-23 06:29:00,87223.57,87223.57,87200.19,87206.32,12.49451
2025-12-23 06:30:00,87206.32,87222.6,87112.42,87157.51,13.88086
2025-12-23 06:31:00,87157.5,87176.03,87100.01,87176.02,11.08013
2025-12-23 06:32:00,87176.02,87249.08,87172.01,87249.07,6.8073
2025-12-23 06:33:00,87249.08,87260.0,87225.44,87241.77,3.76497
2025-12-23 06:34:00,87241.77,87300.0,87208.35,87269.56,7.04577
2025-12-23 06:35:00,87269.55,87276.94,87168.45,87247.46,14.22135
2025-12-23 06:36:00,87247.46,87247.46,87217.44,87220.02,2.27967
2025-12-23 06:37:00,87220.02,87220.02,87159.87,87170.79,3.96803
2025-12-23 06:38:00,87170.78,87215.66,87162.06,87215.57,4.5844
2025-12-23 06:39:00,87215.57,87260.0,87215.56,87259.99,6.53797
2025-12-23 06:40:00,87259.99,87269.31,87237.92,87247.98,3.18073
2025-12-23 06:41:00,87247.98,87327.96,87247.98,87302.5,14.9287
2025-12-23 06:42:00,87302.5,87360.91,87296.0,87319.99,19.67919
2025-12-23 06:43:00,87319.99,87360.0,87319.99,87334.87,11.54483
2025-12-23 06:44:00,87334.86,87339.67,87302.54,87302.54,3.16457
2025-12-23 06:45:00,87302.55,87333.34,87287.34,87329.85,7.70249
2025-12-23 06:46:00,87329.85,87329.86,87304.36,87304.37,7.26445
2025-12-23 06:47:00,87304.37,87313.11,87287.74,87287.75,3.31495
2025-12-23 06:48:00,87287.74,87316.98,87252.84,87310.01,3.49053
2025-12-23 06:49:00,87310.02,87342.08,87295.12,87342.07,5.246
2025-12-23 06:50:00,87342.07,87386.55,87342.07,87376.51,6.71718
2025-12-23 06:51:00,87376.51,87393.27,87376.5,87388.5,4.07127
2025-12-23 06:52:00,87388.51,87439.64,87388.5,87400.0,11.01268
2025-12-23 06:53:00,87400.01,87480.0,87400.0,87458.36,6.65704
2025-12-23 06:54:00,87458.36,87496.53,87458.35,87496.52,3.70514
2025-12-23 06:55:00,87496.53,87496.53,87416.4,87416.4,5.8218
2025-12-23 06:56:00,87416.4,87460.0,87400.0,87450.49,4.6925
2025-12-23 06:57:00,87450.49,87450.49,87421.0,87423.31,8.30638
2025-12-23 06:58:00,87423.32,87423.32,87400.16,87400.16,0.96663
2025-12-23 06:59:00,87400.16,87408.91,87400.0,87400.01,2.08751
2025-12-23 07:00:00,87400.01,87451.99,87373.22,87433.78,8.74866
2025-12-23 07:01:00,87433.78,87465.41,87408.64,87465.4,5.6119
2025-12-23 07:02:00,87465.41,87475.74,87450.0,87459.88,8.41792
2025-12-23 07:03:00,87459.88,87468.93,87412.52,87444.42,13.03384
2025-12-23 07:04:00,87444.41,87466.1,87416.66,87465.5,4.68076
2025-12-23 07:05:00,87465.49,87484.97,87460.26,87479.98,3.22681
2025-12-23 07:06:00,87479.98,87500.59,87471.47,87500.59,3.83498
2025-12-23 07:07:00,87500.59,87504.15,87470.76,87504.14,26.35853
2025-12-23 07:08:00,87504.14,87536.03,87496.78,87513.02,4.1537
2025-12-23 07:09:00,87513.02,87531.0,87492.26,87531.0,4.93607
2025-12-23 07:10:00,87531.0,87531.0,87501.32,87501.32,1.91867
2025-12-23 07:11:00,87501.31,87512.26,87481.99,87492.24,3.34633
2025-12-23 07:12:00,87492.25,87492.25,87418.98,87430.25,5.46718
2025-12-23 07:13:00,87430.24,87450.58,87429.06,87450.58,8.4053
2025-12-23 07:14:00,87450.58,87450.58,87418.0,87444.85,3.17392
2025-12-23 07:15:00,87444.86,87459.99,87423.8,87423.81,2.10348
2025-12-23 07:16:00,87423.81,87425.15,87391.67,87410.88,6.32112
2025-12-23 07:17:00,87410.89,87480.0,87410.88,87467.75,1.99514
2025-12-23 07:18:00,87467.75,87497.38,87467.74,87497.38,7.26508
2025-12-23 07:19:00,87497.37,87497.38,87469.08,87497.38,6.78333
2025-12-23 07:20:00,87497.37,87519.25,87497.37,87519.25,8.93306
2025-12-23 07:21:00,87519.24,87562.25,87510.21,87510.21,4.65453
2025-12-23 07:22:00,87510.21,87559.98,87504.09,87547.3,6.40847
2025-12-23 07:23:00,87547.3,87600.0,87547.3,87589.67,10.3619
2025-12-23 07:24:00,87589.68,87598.0,87545.26,87545.78,4.10628
2025-12-23 07:25:00,87545.77,87577.88,87545.77,87550.28,6.37472
2025-12-23 07:26:00,87550.27,87562.87,87550.27,87560.59,5.0836
2025-12-23 07:27:00,87560.59,87583.82,87560.59,87580.64,2.79229
2025-12-23 07:28:00,87580.64,87600.0,87580.63,87599.5,4.08427
2025-12-23 07:29:00,87599.5,87599.5,87595.4,87595.41,2.07966
2025-12-23 07:30:00,87595.41,87614.8,87595.4,87612.99,5.7202
2025-12-23 07:31:00,87613.0,87614.8,87602.95,87606.03,2.47425
2025-12-23 07:32:00,87606.03,87614.79,87605.89,87605.89,3.12531
2025-12-23 07:33:00,87605.9,87614.03,87605.9,87614.02,3.06233
2025-12-23 07:34:00,87614.03,87627.9,87600.0,87604.23,8.95084
2025-12-23 07:35:00,87604.24,87630.82,87604.23,87613.85,5.08101
2025-12-23 07:36:00,87613.84,87613.85,87558.0,87569.59,11.53531
2025-12-23 07:37:00,87569.59,87574.49,87520.03,87525.55,5.99497
2025-12-23 07:38:00,87525.54,87527.11,87506.72,87525.15,5.97164
2025-12-23 07:39:00,87525.16,87535.91,87512.2,87522.05,17.90725
2025-12-23 07:40:00,87522.06,87553.15,87522.05,87543.08,4.08757
2025-12-23 07:41:00,87543.08,87564.7,87537.39,87564.69,4.08232
2025-12-23 07:42:00,87564.7,87574.38,87542.69,87542.7,4.77967
2025-12-23 07:43:00,87542.7,87550.0,87516.48,87516.48,6.67717
2025-12-23 07:44:00,87516.49,87529.48,87516.48,87529.48,3.00028
2025-12-23 07:45:00,87529.48,87549.99,87525.53,87525.54,5.2308
2025-12-23 07:46:00,87525.54,87540.0,87525.54,87540.0,2.97449
2025-12-23 07:47:00,87540.0,87570.0,87536.92,87570.0,8.64918
2025-12-23 07:48:00,87570.0,87586.68,87554.97,87558.49,2.84343
2025-12-23 07:49:00,87558.49,87567.17,87545.8,87562.24,14.05586
2025-12-23 07:50:00,87562.24,87601.09,87562.23,87601.08,3.57545
2025-12-23 07:51:00,87601.09,87640.0,87601.08,87639.99,3.85653
2025-12-23 07:52:00,87640.0,87661.17,87631.69,87661.17,7.73149
2025-12-23 07:53:00,87661.17,87698.82,87661.17,87698.81,22.85927
2025-12-23 07:54:00,87698.82,87698.82,87617.22,87625.65,9.40662
2025-12-23 07:55:00,87625.65,87646.11,87614.0,87646.1,5.80484
2025-12-23 07:56:00,87646.11,87646.11,87614.0,87617.52,4.50077
2025-12-23 07:57:00,87617.52,87617.52,87558.44,87558.5,39.14034
2025-12-23 07:58:00,87558.5,87570.5,87555.0,87570.5,5.33832
2025-12-23 07:59:00,87570.5,87580.0,87570.49,87574.79,4.12349
2025-12-23 08:00:00,87574.78,87574.79,87555.0,87570.41,2.42126
2025-12-23 08:01:00,87570.4,87571.91,87539.84,87540.0,36.70242
2025-12-23 08:02:00,87540.0,87540.0,87511.99,87512.0,2.66014
2025-12-23 08:03:00,87512.0,87544.25,87506.01,87516.02,13.17315
2025-12-23 08:04:00,87516.02,87527.05,87512.52,87521.89,1.75555
2025-12-23 08:05:00,87521.89,87555.51,87521.89,87555.5,1.60407
2025-12-23 08:06:00,87555.51,87593.01,87555.5,87593.01,3.56167
2025-12-23 08:07:00,87593.0,87593.01,87586.87,87590.38,1.27103
2025-12-23 08:08:00,87590.38,87600.0,87590.38,87599.99,2.51585
2025-12-23 08:09:00,87599.99,87619.4,87599.99,87619.4,1.94676
2025-12-23 08:10:00,87619.4,87650.0,87619.39,87649.99,6.25359
2025-12-23 08:11:00,87649.99,87649.99,87604.24,87623.79,2.98058
2025-12-23 08:12:00,87623.8,87623.8,87530.64,87538.23,23.0806
2025-12-23 08:13:00,87538.24,87538.24,87529.03,87529.04,3.77228
2025-12-23 08:14:00,87529.04,87597.37,87529.03,87597.37,5.58326
2025-12-23 08:15:00,87597.37,87613.9,87565.62,87613.9,23.22971
2025-12-23 08:16:00,87613.89,87662.75,87613.89,87658.08,6.56348
2025-12-23 08:17:00,87658.07,87662.96,87641.3,87662.96,4.32979
2025-12-23 08:18:00,87662.96,87699.99,87662.95,87666.75,6.03376
2025-12-23 08:19:00,87666.74,87666.75,87630.47,87630.47,3.05253
2025-12-23 08:20:00,87630.47,87630.48,87601.7,87601.7,4.64261
2025-12-23 08:21:00,87601.71,87601.71,87563.16,87566.7,3.43557
2025-12-23 08:22:00,87566.71,87570.93,87542.09,87547.99,4.8513
2025-12-23 08:23:00,87547.98,87568.45,87547.98,87568.45,4.46231
2025-12-23 08:24:00,87568.44,87586.92,87560.95,87586.92,1.59016
2025-12-23 08:25:00,87586.92,87648.79,87586.91,87642.12,6.35588
2025-12-23 08:26:00,87642.11,87642.12,87601.81,87601.81,2.78577
2025-12-23 08:27:00,87601.82,87662.29,87601.81,87662.28,4.45442
2025-12-23 08:28:00,87662.28,87662.29,87610.92,87610.92,4.73166
2025-12-23 08:29:00,87610.93,87618.45,87610.92,87618.44,2.51344
2025-12-23 08:30:00,87618.45,87640.35,87618.44,87638.17,2.82891
2025-12-23 08:31:00,87638.16,87640.48,87621.14,87621.15,6.31458
2025-12-23 08:32:00,87621.15,87635.81,87621.14,87635.81,5.54047
2025-12-23 08:33:00,87635.81,87643.99,87635.8,87643.98,2.63288
2025-12-23 08:34:00,87643.98,87657.65,87631.07,87651.52,3.14951
2025-12-23 08:35:00,87651.52,87660.0,87651.51,87651.53,2.63934
2025-12-23 08:36:00,87651.52,87665.75,87651.52,87663.12,2.15538
2025-12-23 08:37:00,87663.13,87673.51,87663.12,87671.51,3.06128
2025-12-23 08:38:00,87671.5,87673.64,87658.93,87658.93,4.04553
2025-12-23 08:39:00,87658.94,87670.09,87651.93,87665.66,2.58701
2025-12-23 08:40:00,87665.66,87665.66,87614.44,87614.45,5.12214
2025-12-23 08:41:00,87614.44,87614.45,87600.0,87600.01,2.68304
2025-12-23 08:42:00,87600.0,87605.59,87600.0,87605.59,3.51903
2025-12-23 08:43:00,87605.58,87612.93,87605.58,87612.92,6.99059
2025-12-23 08:44:00,87612.93,87612.93,87606.86,87606.86,3.01
2025-12-23 08:45:00,87606.87,87615.68,87551.47,87565.6,13.93589
2025-12-23 08:46:00,87565.61,87565.61,87482.0,87482.4,28.79116
2025-12-23 08:47:00,87482.39,87534.01,87465.93,87534.01,9.54247
2025-12-23 08:48:00,87534.01,87534.01,87482.74,87482.74,4.58956
2025-12-23 08:49:00,87482.75,87483.25,87482.74,87482.75,2.69866
2025-12-23 08:50:00,87482.75,87482.75,87477.24,87477.25,3.63262
2025-12-23 08:51:00,87477.25,87477.25,87434.57,87438.69,7.02392
2025-12-23 08:52:00,87438.7,87467.9,87434.58,87457.65,5.99627
2025-12-23 08:53:00,87457.64,87478.37,87455.64,87469.63,3.85599
2025-12-23 08:54:00,87469.62,87469.63,87443.52,87445.13,3.58081
2025-12-23 08:55:00,87445.13,87475.13,87445.12,87475.12,2.94978
2025-12-23 08:56:00,87475.12,87475.13,87452.62,87463.24,2.29914
2025-12-23 08:57:00,87463.24,87463.24,87452.02,87452.02,2.67693
2025-12-23 08:58:00,87452.03,87452.03,87433.2,87451.52,3.15282
2025-12-23 08:59:00,87451.52,87477.15,87451.52,87477.15,4.50305
2025-12-23 09:00:00,87477.14,87518.72,87464.79,87518.72,6.76762
2025-12-23 09:01:00,87518.71,87611.66,87518.71,87570.71,6.58002
2025-12-23 09:02:00,87570.71,87582.24,87535.05,87582.24,5.04333
2025-12-23 09:03:00,87582.24,87608.51,87551.01,87551.02,10.46802
2025-12-23 09:04:00,87551.02,87586.01,87547.28,87565.57,2.16369
2025-12-23 09:05:00,87565.57,87602.07,87558.46,87602.06,1.62627
2025-12-23 09:06:00,87602.07,87602.07,87568.75,87568.75,3.59248
2025-12-23 09:07:00,87568.75,87576.55,87568.75,87576.55,2.1019
2025-12-23 09:08:00,87576.55,87588.16,87576.54,87588.15,1.66229
2025-12-23 09:09:00,87588.16,87588.16,87567.42,87567.43,5.43517
2025-12-23 09:10:00,87567.43,87587.14,87567.43,87587.14,2.66239
2025-12-23 09:11:00,87587.13,87587.14,87567.91,87567.92,7.3868
2025-12-23 09:12:00,87567.92,87586.94,87567.91,87586.94,1.36358
2025-12-23 09:13:00,87586.93,87586.94,87579.81,87579.82,0.53042
2025-12-23 09:14:00,87579.82,87579.82,87563.81,87563.82,1.61305
2025-12-23 09:15:00,87563.82,87563.82,87504.38,87513.08,8.47787
2025-12-23 09:16:00,87513.08,87554.23,87513.07,87547.97,1.64918
2025-12-23 09:17:00,87547.97,87600.0,87547.97,87600.0,2.76176
2025-12-23 09:18:00,87599.99,87619.62,87599.99,87619.62,16.97792
2025-12-23 09:19:00,87619.62,87630.76,87481.38,87498.93,153.85295
2025-12-23 09:20:00,87498.94,87510.55,87400.0,87429.83,12.21762
2025-12-23 09:21:00,87429.82,87429.83,87378.18,87380.01,5.14284
2025-12-23 09:22:00,87380.0,87444.73,87380.0,87430.8,11.71075
2025-12-23 09:23:00,87430.8,87437.06,87425.32,87434.12,2.36092
2025-12-23 09:24:00,87434.13,87434.73,87393.28,87393.29,4.76009
2025-12-23 09:25:00,87393.28,87393.29,87377.48,87381.47,3.55795
2025-12-23 09:26:00,87381.48,87411.06,87381.47,87400.94,3.76964
2025-12-23 09:27:00,87400.95,87420.0,87400.94,87420.0,1.27523
2025-12-23 09:28:00,87419.99,87434.0,87419.99,87433.99,2.2614
2025-12-23 09:29:00,87433.99,87434.0,87433.99,87434.0,1.5569
2025-12-23 09:30:00,87434.0,87445.22,87417.01,87417.02,6.57568
2025-12-23 09:31:00,87417.01,87417.02,87381.37,87381.37,3.04318
2025-12-23 09:32:00,87381.38,87478.89,87380.83,87478.88,6.52465
2025-12-23 09:33:00,87478.89,87478.89,87400.5,87416.57,3.83513
2025-12-23 09:34:00,87416.57,87440.0,87416.56,87440.0,1.81298
2025-12-23 09:35:00,87439.99,87440.0,87429.66,87429.67,1.20721
2025-12-23 09:36:00,87429.67,87429.67,87360.72,87371.03,5.03139
2025-12-23 09:37:00,87371.03,87372.98,87362.83,87362.83,0.84163
2025-12-23 09:38:00,87362.83,87362.84,87297.69,87332.89,16.98551
2025-12-23 09:39:00,87332.89,87337.25,87331.1,87331.1,2.54715
2025-12-23 09:40:00,87331.1,87396.33,87331.1,87396.33,8.632
2025-12-23 09:41:00,87396.32,87406.0,87396.32,87403.01,2.29481
2025-12-23 09:42:00,87403.02,87437.63,87397.4,87437.62,2.38168
2025-12-23 09:43:00,87437.62,87466.0,87437.62,87466.0,4.67986
2025-12-23 09:44:00,87466.0,87491.26,87465.99,87491.26,1.59813
2025-12-23 09:45:00,87491.26,87494.0,87474.62,87474.62,6.34891
2025-12-23 09:46:00,87474.62,87510.61,87474.62,87510.61,2.58519
2025-12-23 09:47:00,87510.6,87510.61,87475.61,87475.62,4.74879
2025-12-23 09:48:00,87475.61,87475.62,87465.87,87465.88,4.20626
2025-12-23 09:49:00,87465.87,87506.26,87465.87,87506.25,2.38114
2025-12-23 09:50:00,87506.25,87506.26,87506.25,87506.26,1.56387
2025-12-23 09:51:00,87506.25,87510.6,87506.25,87510.6,1.30671
2025-12-23 09:52:00,87510.6,87510.61,87510.59,87510.6,1.42616
2025-12-23 09:53:00,87510.6,87510.61,87510.6,87510.6,2.0019
2025-12-23 09:54:00,87510.61,87510.61,87510.6,87510.61,1.60773
2025-12-23 09:55:00,87510.61,87510.61,87510.6,87510.61,1.59124
2025-12-23 09:56:00,87510.61,87529.48,87510.6,87529.47,22.83202
2025-12-23 09:57:00,87529.47,87571.93,87529.47,87546.98,9.1967
2025-12-23 09:58:00,87546.98,87561.97,87530.42,87539.19,7.82447
2025-12-23 09:59:00,87539.18,87539.19,87531.84,87531.85,0.5428
2025-12-23 10:00:00,87531.85,87556.0,87522.86,87555.99,3.84853
2025-12-23 10:01:00,87555.99,87572.01,87540.23,87572.01,1.86225
2025-12-23 10:02:00,87571.99,87582.76,87560.56,87582.76,2.96516
2025-12-23 10:03:00,87582.75,87595.82,87582.75,87582.79,2.13095
2025-12-23 10:04:00,87582.78,87610.0,87582.78,87610.0,5.13215
2025-12-23 10:05:00,87610.0,87610.0,87609.33,87609.33,2.21664
2025-12-23 10:06:00,87609.33,87609.34,87560.58,87560.59,1.1719
2025-12-23 10:07:00,87560.58,87576.0,87544.76,87576.0,6.09631
2025-12-23 10:08:00,87576.0,87576.0,87527.42,87527.42,3.32479
2025-12-23 10:09:00,87527.42,87543.28,87527.42,87543.28,1.15808
2025-12-23 10:10:00,87543.27,87543.28,87543.27,87543.28,1.36152
2025-12-23 10:11:00,87543.27,87543.28,87510.6,87521.16,5.7639
2025-12-23 10:12:00,87521.16,87521.17,87511.09,87511.09,1.88178
2025-12-23 10:13:00,87511.1,87534.39,87511.09,87534.38,1.81668
2025-12-23 10:14:00,87534.38,87551.85,87534.38,87551.84,1.30036
2025-12-23 10:15:00,87551.85,87558.9,87551.84,87558.9,3.175
2025-12-23 10:16:00,87558.9,87558.9,87542.71,87542.72,3.7604
2025-12-23 10:17:00,87542.72,87550.49,87542.71,87550.48,3.72302
2025-12-23 10:18:00,87550.48,87567.41,87550.48,87567.41,2.03391
2025-12-23 10:19:00,87567.41,87569.64,87566.89,87566.89,2.27205
2025-12-23 10:20:00,87566.89,87566.9,87550.0,87550.01,3.92141
2025-12-23 10:21:00,87550.0,87560.28,87550.0,87560.28,1.80741
2025-12-23 10:22:00,87560.28,87560.28,87560.27,87560.28,0.31744
2025-12-23 10:23:00,87560.28,87588.02,87560.27,87588.01,1.79875
2025-12-23 10:24:00,87588.01,87588.02,87573.09,87588.02,2.5093
2025-12-23 10:25:00,87588.02,87610.0,87588.01,87610.0,2.39536
2025-12-23 10:26:00,87610.0,87650.0,87609.99,87626.3,8.94037
2025-12-23 10:27:00,87626.31,87650.0,87619.14,87619.14,6.83533
2025-12-23 10:28:00,87619.15,87623.1,87606.13,87606.13,5.565
2025-12-23 10:29:00,87606.13,87619.16,87606.13,87619.15,3.00647
2025-12-23 10:30:00,87619.16,87619.16,87550.0,87550.01,7.15782
2025-12-23 10:31:00,87550.01,87550.01,87550.0,87550.01,0.61481
2025-12-23 10:32:00,87550.0,87550.0,87511.03,87511.04,1.35323
2025-12-23 10:33:00,87511.03,87547.54,87511.03,87547.49,3.6911
2025-12-23 10:34:00,87547.5,87582.49,87547.49,87582.48,1.41956
2025-12-23 10:35:00,87582.49,87591.99,87548.72,87561.29,5.75197
2025-12-23 10:36:00,87561.29,87600.0,87561.29,87600.0,3.30496
2025-12-23 10:37:00,87600.0,87600.57,87594.2,87600.56,5.30737
2025-12-23 10:38:00,87600.57,87611.52,87600.56,87611.52,1.96128
2025-12-23 10:39:00,87611.52,87620.0,87600.57,87613.33,2.48495
2025-12-23 10:40:00,87613.33,87623.41,87611.0,87611.0,4.43363
2025-12-23 10:41:00,87611.01,87623.44,87611.0,87611.01,4.53167
2025-12-23 10:42:00,87611.0,87618.48,87611.0,87618.47,3.08973
2025-12-23 10:43:00,87618.47,87639.43,87600.57,87606.16,23.81069
2025-12-23 10:44:00,87606.16,87610.43,87606.0,87606.0,6.17837
2025-12-23 10:45:00,87606.01,87606.01,87573.58,87587.0,22.04487
2025-12-23 10:46:00,87587.0,87630.69,87587.0,87630.68,2.6447
2025-12-23 10:47:00,87630.69,87630.69,87608.13,87621.59,2.85682
2025-12-23 10:48:00,87621.59,87621.6,87621.59,87621.59,0.43978
2025-12-23 10:49:00,87621.6,87640.0,87621.59,87640.0,3.30649
2025-12-23 10:50:00,87639.99,87641.33,87639.99,87641.33,2.6912
2025-12-23 10:51:00,87641.33,87641.33,87641.32,87641.32,2.09711
2025-12-23 10:52:00,87641.33,87659.9,87631.11,87659.9,13.41589
2025-12-23 10:53:00,87659.9,87659.9,87618.56,87618.56,5.40952
2025-12-23 10:54:00,87618.57,87618.57,87600.0,87600.01,4.82979
2025-12-23 10:55:00,87600.0,87600.01,87584.56,87584.56,1.97525
2025-12-23 10:56:00,87584.56,87584.57,87581.7,87581.71,0.77143
2025-12-23 10:57:00,87581.71,87581.71,87581.7,87581.71,1.2574
2025-12-23 10:58:00,87581.71,87627.57,87581.7,87615.92,7.67405
2025-12-23 10:59:00,87615.93,87615.93,87615.92,87615.93,0.70751
2025-12-23 11:00:00,87615.92,87615.92,87610.0,87610.01,1.99746
2025-12-23 11:01:00,87610.01,87610.01,87564.3,87564.3,2.3944
2025-12-23 11:02:00,87564.3,87576.26,87564.29,87576.25,2.64947
2025-12-23 11:03:00,87576.26,87576.26,87573.04,87573.05,2.82976
2025-12-23 11:04:00,87573.05,87609.27,87573.04,87609.26,2.5064
2025-12-23 11:05:00,87609.26,87670.68,87609.26,87656.16,4.59743
2025-12-23 11:06:00,87656.16,87697.21,87642.8,87670.82,8.32243
2025-12-23 11:07:00,87670.82,87696.89,87670.81,87696.89,7.00216
2025-12-23 11:08:00,87696.89,87696.89,87643.72,87646.28,7.58773
2025-12-23 11:09:00,87646.27,87700.0,87622.22,87693.86,8.76472
2025-12-23 11:10:00,87693.86,87693.86,87662.01,87662.01,1.50695
2025-12-23 11:11:00,87662.02,87688.0,87662.01,87688.0,3.79543
2025-12-23 11:12:00,87687.99,87688.0,87677.47,87688.0,2.99838
2025-12-23 11:13:00,87688.0,87688.0,87687.99,87688.0,1.79515
2025-12-23 11:14:00,87687.99,87688.0,87677.47,87677.47,2.07786
2025-12-23 11:15:00,87677.47,87677.48,87658.1,87675.24,2.90553
2025-12-23 11:16:00,87675.24,87727.93,87656.54,87709.56,9.61255
2025-12-23 11:17:00,87709.56,87739.93,87709.55,87736.69,4.7014
2025-12-23 11:18:00,87736.7,87780.01,87736.69,87780.0,39.95126
2025-12-23 11:19:00,87780.0,87883.6,87780.0,87883.59,17.13166
2025-12-23 11:20:00,87883.6,87890.0,87804.0,87818.35,15.0642
2025-12-23 11:21:00,87818.35,87887.41,87793.13,87845.08,21.23539
2025-12-23 11:22:00,87845.07,87883.87,87816.4,87883.36,27.01153
2025-12-23 11:23:00,87883.37,87883.37,87819.39,87819.4,10.56343
2025-12-23 11:24:00,87819.39,87819.4,87780.0,87780.0,12.26477
2025-12-23 11:25:00,87780.0,87780.01,87700.0,87759.9,20.50878
2025-12-23 11:26:00,87759.89,87759.9,87725.31,87725.32,8.33151
2025-12-23 11:27:00,87725.31,87731.46,87725.3,87731.46,3.88325
2025-12-23 11:28:00,87731.45,87760.6,87714.29,87760.59,4.94896
2025-12-23 11:29:00,87760.59,87798.5,87754.5,87754.51,11.10704
2025-12-23 11:30:00,87754.5,87798.49,87754.5,87771.51,5.95355
2025-12-23 11:31:00,87771.52,87771.52,87738.48,87738.48,3.27858
2025-12-23 11:32:00,87738.49,87738.49,87731.56,87731.56,3.29016
2025-12-23 11:33:00,87731.56,87731.57,87731.56,87731.57,5.54306
2025-12-23 11:34:00,87731.57,87743.28,87731.56,87743.27,4.68856
2025-12-23 11:35:00,87743.27,87743.28,87731.91,87731.91,3.74226
2025-12-23 11:36:00,87731.92,87731.92,87731.91,87731.91,2.75402
2025-12-23 11:37:00,87731.91,87731.92,87714.3,87714.3,4.6181
2025-12-23 11:38:00,87714.31,87714.31,87707.2,87707.21,4.69798
2025-12-23 11:39:00,87707.21,87707.22,87707.2,87707.21,5.23106
2025-12-23 11:40:00,87707.21,87742.95,87707.21,87742.95,5.3237
2025-12-23 11:41:00,87742.94,87779.66,87742.94,87769.93,4.69812
2025-12-23 11:42:00,87769.94,87779.23,87752.48,87774.09,3.36079
2025-12-23 11:43:00,87774.09,87774.09,87747.21,87747.21,4.69596
2025-12-23 11:44:00,87747.22,87820.0,87747.21,87820.0,7.17487
2025-12-23 11:45:00,87820.0,87834.58,87805.98,87834.57,8.60632
2025-12-23 11:46:00,87834.58,87860.0,87814.41,87860.0,10.37264
2025-12-23 11:47:00,87859.99,87860.0,87832.77,87860.0,8.11098
2025-12-23 11:48:00,87860.0,87860.0,87827.5,87827.5,6.5809
2025-12-23 11:49:00,87827.51,87844.06,87827.5,87844.06,5.1809
2025-12-23 11:50:00,87844.06,87844.06,87827.5,87827.5,2.93239
2025-12-23 11:51:00,87827.5,87827.51,87827.5,87827.5,3.4571
2025-12-23 11:52:00,87827.5,87827.53,87827.5,87827.53,6.05317
2025-12-23 11:53:00,87827.52,87832.99,87827.52,87832.99,2.57414
2025-12-23 11:54:00,87832.99,87839.41,87832.98,87839.4,2.6488
2025-12-23 11:55:00,87839.41,87868.07,87839.4,87868.06,3.97123
2025-12-23 11:56:00,87868.07,87868.07,87847.87,87847.87,3.42422
2025-12-23 11:57:00,87847.87,87847.88,87847.87,87847.88,2.62526
2025-12-23 11:58:00,87847.88,87847.88,87847.87,87847.87,1.88821
2025-12-23 11:59:00,87847.88,87856.65,87847.87,87856.65,6.24105
2025-12-23 12:00:00,87856.66,87856.66,87812.73,87813.0,14.1251
2025-12-23 12:01:00,87813.0,87827.17,87776.2,87793.37,15.93353
2025-12-23 12:02:00,87793.37,87805.81,87707.21,87734.52,19.20214
2025-12-23 12:03:00,87734.52,87766.74,87734.51,87755.54,12.25566
2025-12-23 12:04:00,87755.55,87755.55,87730.69,87744.65,4.25058
2025-12-23 12:05:00,87744.65,87794.55,87744.65,87794.54,5.85538
2025-12-23 12:06:00,87794.55,87816.72,87794.54,87816.71,3.48086
2025-12-23 12:07:00,87816.72,87849.66,87807.93,87849.66,6.47434
2025-12-23 12:08:00,87849.65,87850.0,87829.17,87837.76,6.34683
2025-12-23 12:09:00,87837.76,87940.0,87837.75,87906.86,33.66554
2025-12-23 12:10:00,87906.87,87906.87,87835.11,87858.13,15.58575
2025-12-23 12:11:00,87858.14,87883.78,87858.14,87865.88,4.85513
2025-12-23 12:12:00,87865.88,87880.92,87865.87,87880.91,3.83079
2025-12-23 12:13:00,87880.91,87884.57,87868.36,87868.37,6.8894
2025-12-23 12:14:00,87868.36,87868.37,87818.0,87819.76,7.40405
2025-12-23 12:15:00,87819.76,87819.76,87762.69,87792.43,6.28947
2025-12-23 12:16:00,87792.42,87792.43,87742.21,87754.45,6.58012
2025-12-23 12:17:00,87754.44,87772.5,87693.58,87717.22,9.25241
2025-12-23 12:18:00,87717.23,87726.0,87675.56,87719.32,6.33771
2025-12-23 12:19:00,87719.31,87735.68,87715.68,87727.49,3.92843
2025-12-23 12:20:00,87727.49,87727.49,87716.96,87716.97,0.7962
2025-12-23 12:21:00,87716.97,87716.97,87673.86,87673.86,2.0572
2025-12-23 12:22:00,87673.86,87695.84,87673.86,87694.28,2.18489
2025-12-23 12:23:00,87694.27,87760.0,87694.27,87759.99,4.20948
2025-12-23 12:24:00,87759.99,87768.52,87759.99,87768.52,1.64178
2025-12-23 12:25:00,87768.52,87770.87,87714.51,87724.4,4.66383
2025-12-23 12:26:00,87724.41,87736.37,87724.4,87736.37,1.96777
2025-12-23 12:27:00,87736.37,87736.37,87694.58,87702.91,6.4273
2025-12-23 12:28:00,87702.91,87702.91,87648.0,87657.49,3.70798
2025-12-23 12:29:00,87657.49,87670.62,87622.24,87654.97,18.10912
2025-12-23 12:30:00,87654.97,87655.05,87640.39,87648.91,2.70864
2025-12-23 12:31:00,87648.92,87680.0,87600.0,87680.0,11.0588
2025-12-23 12:32:00,87679.99,87758.79,87679.99,87758.78,4.24715
2025-12-23 12:33:00,87758.79,87800.0,87750.0,87800.0,2.97218
2025-12-23 12:34:00,87800.0,87830.55,87799.99,87830.33,1.96799
2025-12-23 12:35:00,87830.33,87830.34,87795.41,87825.96,11.20308
2025-12-23 12:36:00,87825.96,87825.96,87810.05,87810.05,2.07582
2025-12-23 12:37:00,87810.06,87840.0,87803.94,87836.05,5.44021
2025-12-23 12:38:00,87836.05,87836.06,87823.97,87823.97,2.40105
2025-12-23 12:39:00,87823.98,87841.86,87823.97,87841.86,1.99261
2025-12-23 12:40:00,87841.86,87841.86,87841.85,87841.86,1.95239
2025-12-23 12:41:00,87841.85,87846.9,87841.85,87846.89,1.70624
2025-12-23 12:42:00,87846.9,87877.64,87846.89,87873.82,4.1516
2025-12-23 12:43:00,87873.83,87873.83,87873.82,87873.83,2.51786
2025-12-23 12:44:00,87873.83,87898.57,87873.83,87888.07,6.65269
2025-12-23 12:45:00,87888.08,87908.2,87888.07,87894.53,6.58653
2025-12-23 12:46:00,87894.53,87894.53,87894.52,87894.52,3.9582
2025-12-23 12:47:00,87894.52,87894.53,87870.0,87870.01,5.41106
2025-12-23 12:48:00,87870.01,87870.01,87860.36,87865.02,3.0672
2025-12-23 12:49:00,87865.02,87963.03,87865.02,87896.26,35.78042
2025-12-23 12:50:00,87896.26,87896.26,87866.6,87866.61,0.84279
2025-12-23 12:51:00,87866.61,87866.61,87850.24,87850.25,0.98481
2025-12-23 12:52:00,87850.25,87850.25,87820.56,87820.56,6.92322
2025-12-23 12:53:00,87820.56,87820.57,87820.56,87820.57,0.95734
2025-12-23 12:54:00,87820.57,87833.66,87812.99,87813.0,4.92585
2025-12-23 12:55:00,87813.0,87860.0,87812.99,87859.99,12.21833
2025-12-23 12:56:00,87860.0,87895.89,87859.99,87862.66,5.27858
2025-12-23 12:57:00,87862.65,87862.66,87844.52,87844.52,3.21857
2025-12-23 12:58:00,87844.52,87844.53,87814.1,87814.1,4.92146
2025-12-23 12:59:00,87814.11,87814.11,87789.17,87789.18,6.60718
2025-12-23 13:00:00,87789.18,87789.18,87748.0,87751.06,9.42873
2025-12-23 13:01:00,87751.05,87768.61,87751.04,87768.61,2.32241
2025-12-23 13:02:00,87768.6,87768.61,87748.0,87748.01,3.92511
2025-12-23 13:03:00,87748.01,87748.01,87743.84,87743.85,9.57686
2025-12-23 13:04:00,87743.84,87782.48,87743.84,87777.66,14.98411
2025-12-23 13:05:00,87777.66,87778.65,87746.06,87770.6,5.22576
2025-12-23 13:06:00,87770.6,87770.61,87716.99,87717.0,13.04294
2025-12-23 13:07:00,87716.99,87733.81,87716.99,87723.94,4.52142
2025-12-23 13:08:00,87723.95,87778.13,87723.94,87745.69,14.27759
2025-12-23 13:09:00,87745.68,87745.69,87727.68,87727.69,4.23452
2025-12-23 13:10:00,87727.69,87727.69,87703.88,87711.79,2.88548
2025-12-23 13:11:00,87711.8,87747.71,87711.79,87747.71,5.58876
2025-12-23 13:12:00,87747.71,87782.01,87747.7,87782.01,4.09282
2025-12-23 13:13:00,87782.0,87782.01,87756.09,87756.09,5.55561
2025-12-23 13:14:00,87756.09,87780.0,87756.09,87771.89,3.05732
2025-12-23 13:15:00,87771.9,87791.4,87771.89,87791.39,3.3776
2025-12-23 13:16:00,87791.39,87791.4,87717.04,87717.04,4.83239
2025-12-23 13:17:00,87717.05,87754.59,87717.04,87735.01,3.91752
2025-12-23 13:18:00,87735.0,87735.01,87730.01,87730.01,1.04098
2025-12-23 13:19:00,87730.01,87800.0,87730.01,87800.0,4.27865
2025-12-23 13:20:00,87800.0,87810.0,87764.88,87780.01,5.64558
2025-12-23 13:21:00,87780.01,87780.02,87730.0,87730.01,5.49769
2025-12-23 13:22:00,87730.0,87738.58,87716.0,87738.58,4.52393
2025-12-23 13:23:00,87738.58,87738.58,87703.01,87706.53,3.7508
2025-12-23 13:24:00,87706.52,87708.99,87690.81,87708.98,6.2969
2025-12-23 13:25:00,87708.98,87713.59,87708.98,87713.59,1.31867
2025-12-23 13:26:00,87713.58,87713.59,87664.19,87667.98,5.27898
2025-12-23 13:27:00,87667.98,87699.33,87667.98,87699.33,2.71178
2025-12-23 13:28:00,87699.32,87891.89,87699.32,87870.9,10.62257
2025-12-23 13:29:00,87870.89,87870.9,87789.55,87830.93,19.15965
2025-12-23 13:30:00,87830.92,87840.0,87754.19,87818.83,15.75285
2025-12-23 13:31:00,87818.82,87837.94,87762.23,87837.93,10.41513
2025-12-23 13:32:00,87837.94,87866.24,87800.0,87800.0,3.8363
2025-12-23 13:33:00,87800.0,87854.7,87800.0,87854.7,2.12464
2025-12-23 13:34:00,87854.7,87902.0,87854.69,87864.24,4.13596
2025-12-23 13:35:00,87864.23,87864.24,87689.21,87703.6,8.92553
2025-12-23 13:36:00,87703.6,87703.61,87426.7,87493.9,73.10564
2025-12-23 13:37:00,87493.91,87509.68,87430.0,87480.49,22.38422
2025-12-23 13:38:00,87480.48,87572.77,87480.48,87571.98,13.73403
2025-12-23 13:39:00,87571.98,87593.14,87480.01,87593.14,21.76541
2025-12-23 13:40:00,87593.25,87593.26,87519.69,87592.09,14.38922
2025-12-23 13:41:00,87592.09,87636.01,87568.94,87610.61,13.07066
2025-12-23 13:42:00,87610.61,87650.0,87603.08,87650.0,7.85305
2025-12-23 13:43:00,87650.0,87696.38,87650.0,87677.07,5.72252
2025-12-23 13:44:00,87677.06,87750.0,87677.06,87721.78,9.71246
2025-12-23 13:45:00,87721.77,87721.78,87638.68,87638.68,8.5473
2025-12-23 13:46:00,87638.69,87695.91,87625.73,87670.35,4.42735
2025-12-23 13:47:00,87670.35,87707.88,87670.35,87683.48,9.2778
2025-12-23 13:48:00,87683.48,87683.49,87607.92,87607.93,9.61726
2025-12-23 13:49:00,87607.93,87636.97,87577.47,87616.69,7.0292
2025-12-23 13:50:00,87616.7,87636.0,87585.58,87592.04,5.69392
2025-12-23 13:51:00,87592.05,87595.01,87520.0,87579.0,10.89757
2025-12-23 13:52:00,87579.0,87579.0,87486.97,87506.48,12.59718
2025-12-23 13:53:00,87506.48,87627.3,87506.48,87627.3,14.63268
2025-12-23 13:54:00,87627.29,87662.44,87612.76,87641.5,9.58712
2025-12-23 13:55:00,87641.5,87641.5,87596.46,87611.14,7.44911
2025-12-23 13:56:00,87611.13,87672.23,87611.13,87658.23,6.72602
2025-12-23 13:57:00,87658.24,87680.0,87658.23,87680.0,2.94339
2025-12-23 13:58:00,87680.0,87680.45,87584.0,87619.38,28.87531
2025-12-23 13:59:00,87619.39,87630.86,87600.0,87616.67,8.21387
2025-12-23 14:00:00,87616.66,87641.21,87616.65,87641.2,13.46866
2025-12-23 14:01:00,87641.2,87670.16,87618.36,87648.78,12.62434
2025-12-23 14:02:00,87648.79,87708.38,87633.57,87708.37,12.28644
2025-12-23 14:03:00,87708.37,87708.38,87611.38,87654.52,16.90944
2025-12-23 14:04:00,87654.51,87713.96,87640.0,87640.01,9.92552
2025-12-23 14:05:00,87640.0,87662.09,87640.0,87662.09,3.99783
2025-12-23 14:06:00,87662.08,87723.9,87662.08,87702.84,5.22737
2025-12-23 14:07:00,87702.85,87750.0,87666.0,87749.99,12.31153
2025-12-23 14:08:00,87750.0,87764.0,87724.17,87749.44,8.12046
2025-12-23 14:09:00,87749.44,87786.9,87728.94,87774.81,14.96916
2025-12-23 14:10:00,87774.81,87791.0,87731.05,87731.05,11.44264
2025-12-23 14:11:00,87731.05,87829.2,87731.04,87829.2,8.97819
2025-12-23 14:12:00,87829.19,87829.2,87782.72,87782.73,5.61488
2025-12-23 14:13:00,87782.73,87815.82,87772.89,87815.81,2.27425
2025-12-23 14:14:00,87815.81,87815.82,87754.77,87754.77,2.66446
2025-12-23 14:15:00,87754.77,87758.59,87734.73,87746.71,1.98294
2025-12-23 14:16:00,87746.7,87749.38,87654.08,87665.56,2.63115
2025-12-23 14:17:00,87665.56,87665.57,87566.25,87590.53,7.61419
2025-12-23 14:18:00,87590.53,87659.05,87590.53,87659.05,8.76005
2025-12-23 14:19:00,87659.04,87670.62,87644.29,87670.62,3.28901
2025-12-23 14:20:00,87670.62,87680.0,87647.83,87647.83,6.29891
2025-12-23 14:21:00,87647.84,87693.55,87647.83,87684.76,3.81778
2025-12-23 14:22:00,87684.77,87703.5,87684.76,87703.49,8.72238
2025-12-23 14:23:00,87703.48,87703.48,87685.0,87700.9,4.35897
2025-12-23 14:24:00,87700.9,87716.69,87700.88,87709.27,2.59237
2025-12-23 14:25:00,87709.27,87710.74,87685.01,87685.02,2.81252
2025-12-23 14:26:00,87685.02,87759.72,87685.01,87726.0,10.98054
2025-12-23 14:27:00,87726.0,87726.0,87617.42,87639.68,14.36926
2025-12-23 14:28:00,87639.67,87666.28,87634.81,87650.57,8.16113
2025-12-23 14:29:00,87650.58,87650.58,87628.96,87646.6,7.034
2025-12-23 14:30:00,87646.6,87679.8,87571.53,87679.8,16.98176
2025-12-23 14:31:00,87679.99,87757.49,87616.92,87724.0,27.07193
2025-12-23 14:32:00,87724.0,87740.0,87512.8,87521.56,35.37605
2025-12-23 14:33:00,87521.57,87666.18,87450.03,87666.18,35.91001
2025-12-23 14:34:00,87666.17,87750.0,87647.52,87729.51,24.70363
2025-12-23 14:35:00,87729.5,87746.0,87534.49,87534.49,19.99491
2025-12-23 14:36:00,87534.5,87634.88,87532.0,87573.61,11.73962
2025-12-23 14:37:00,87573.62,87573.62,87433.05,87433.56,25.91197
2025-12-23 14:38:00,87433.56,87467.74,87326.01,87411.79,37.35044
2025-12-23 14:39:00,87411.79,87441.5,87322.63,87385.5,36.04127
2025-12-23 14:40:00,87385.98,87461.58,87278.31,87391.99,30.49744
2025-12-23 14:41:00,87392.0,87549.99,87392.0,87537.58,13.34352
2025-12-23 14:42:00,87538.0,87613.78,87504.29,87518.0,18.00383
2025-12-23 14:43:00,87518.01,87518.01,87460.01,87461.13,8.93667
2025-12-23 14:44:00,87461.13,87461.13,87384.41,87431.82,8.81977
2025-12-23 14:45:00,87431.82,87440.05,87351.92,87387.18,16.39575
2025-12-23 14:46:00,87387.17,87400.0,87174.0,87258.62,56.2564
2025-12-23 14:47:00,87258.91,87318.02,87197.99,87278.12,16.37386
2025-12-23 14:48:00,87278.12,87332.0,87200.51,87320.52,21.68906
2025-12-23 14:49:00,87320.53,87330.64,87115.5,87115.51,23.64545
2025-12-23 14:50:00,87115.51,87227.73,87095.57,87194.0,23.78993
2025-12-23 14:51:00,87194.01,87241.31,87129.23,87182.51,24.22981
2025-12-23 14:52:00,87182.5,87271.32,87153.16,87271.32,24.00618
2025-12-23 14:53:00,87271.31,87271.81,87053.32,87065.07,50.81872
2025-12-23 14:54:00,87065.07,87101.46,86908.27,86976.17,154.53965
2025-12-23 14:55:00,86976.17,86976.17,86693.28,86868.0,174.31087
2025-12-23 14:56:00,86868.92,86885.97,86606.72,86611.5,55.77857
2025-12-23 14:57:00,86611.49,86761.92,86601.9,86761.92,50.86497
2025-12-23 14:58:00,86761.91,86850.0,86658.61,86726.52,104.17834
2025-12-23 14:59:00,86726.52,86874.0,86694.7,86874.0,25.0093
2025-12-23 15:00:00,86873.99,86898.99,86808.42,86820.01,17.32814
2025-12-23 15:01:00,86820.0,86884.0,86760.04,86846.84,34.10856
2025-12-23 15:02:00,86846.83,86941.82,86836.89,86900.01,33.33282
2025-12-23 15:03:00,86900.01,86900.01,86720.0,86720.0,21.93679
2025-12-23 15:04:00,86720.0,86946.15,86720.0,86940.06,14.73923
2025-12-23 15:05:00,86940.06,87110.8,86931.89,87090.42,32.29562
2025-12-23 15:06:00,87090.42,87154.0,86970.42,86970.43,43.99593
2025-12-23 15:07:00,86970.43,87037.55,86902.22,86914.52,22.2001
2025-12-23 15:08:00,86914.52,86933.89,86808.21,86925.88,46.69139
2025-12-23 15:09:00,86925.89,87085.85,86925.89,87067.65,20.39113
2025-12-23 15:10:00,87067.66,87130.83,87067.65,87130.83,19.59597
2025-12-23 15:11:00,87130.83,87137.35,86961.8,86961.8,11.6368
2025-12-23 15:12:00,86961.8,86977.12,86880.16,86917.01,22.24741
2025-12-23 15:13:00,86917.0,86940.49,86868.94,86937.21,7.56227
2025-12-23 15:14:00,86937.22,86964.0,86891.31,86964.0,17.59701
2025-12-23 15:15:00,86964.35,87144.36,86964.35,87111.23,21.3242
2025-12-23 15:16:00,87111.23,87230.56,87111.23,87230.56,21.53145
2025-12-23 15:17:00,87230.55,87324.0,87214.92,87278.52,35.43778
2025-12-23 15:18:00,87278.53,87285.57,87223.25,87242.74,49.34797
2025-12-23 15:19:00,87242.73,87365.78,87240.0,87365.78,14.79423
2025-12-23 15:20:00,87365.77,87510.08,87365.77,87372.95,47.80765
2025-12-23 15:21:00,87372.95,87432.76,87320.29,87320.29,16.73114
2025-12-23 15:22:00,87320.3,87419.91,87286.42,87328.34,20.26302
2025-12-23 15:23:00,87328.34,87345.52,87228.8,87271.09,19.77669
2025-12-23 15:24:00,87271.1,87295.77,87186.0,87269.32,23.26103
2025-12-23 15:25:00,87269.32,87274.89,87190.9,87204.44,12.43879
2025-12-23 15:26:00,87204.43,87310.96,87204.43,87248.15,32.16853
2025-12-23 15:27:00,87248.14,87299.47,87229.51,87252.74,17.51877
2025-12-23 15:28:00,87252.75,87260.24,87195.7,87248.79,17.98347
2025-12-23 15:29:00,87248.79,87292.51,87204.61,87292.51,7.38654
2025-12-23 15:30:00,87292.5,87478.59,87278.13,87435.11,22.93635
2025-12-23 15:31:00,87435.1,87443.87,87339.49,87356.0,19.09419
2025-12-23 15:32:00,87356.0,87416.44,87356.0,87407.22,9.58146
2025-12-23 15:33:00,87407.22,87407.23,87390.0,87398.09,5.69061
2025-12-23 15:34:00,87398.1,87434.41,87383.95,87383.95,13.9185
2025-12-23 15:35:00,87383.96,87407.99,87263.91,87263.91,18.4504
2025-12-23 15:36:00,87263.91,87375.51,87248.79,87375.5,9.36154
2025-12-23 15:37:00,87375.51,87424.11,87325.36,87424.1,14.3398
2025-12-23 15:38:00,87424.11,87496.81,87417.39,87496.81,11.70022
2025-12-23 15:39:00,87496.81,87513.06,87424.0,87455.14,20.47167
2025-12-23 15:40:00,87455.14,87550.0,87428.55,87428.55,10.90824
2025-12-23 15:41:00,87428.55,87460.0,87340.0,87340.01,8.08285
2025-12-23 15:42:00,87340.0,87412.87,87340.0,87389.26,5.68926
2025-12-23 15:43:00,87389.27,87428.03,87389.26,87400.01,9.91339
2025-12-23 15:44:00,87400.01,87416.25,87386.89,87389.99,5.50699
2025-12-23 15:45:00,87390.0,87397.11,87278.12,87289.31,10.54822
2025-12-23 15:46:00,87289.31,87339.79,87270.0,87277.02,6.8926
2025-12-23 15:47:00,87277.03,87357.58,87274.64,87357.57,15.028
2025-12-23 15:48:00,87357.58,87368.94,87307.86,87360.21,4.83358
2025-12-23 15:49:00,87360.21,87371.98,87298.3,87318.47,4.81438
2025-12-23 15:50:00,87318.48,87318.48,87254.9,87276.1,3.72746
2025-12-23 15:51:00,87276.1,87305.82,87260.0,87274.53,5.46078
2025-12-23 15:52:00,87274.53,87411.16,87274.53,87405.93,18.79658
2025-12-23 15:53:00,87405.92,87438.0,87370.0,87437.96,13.47878
2025-12-23 15:54:00,87437.96,87437.96,87392.25,87392.27,3.46453
2025-12-23 15:55:00,87392.27,87417.19,87348.0,87390.32,6.75935
2025-12-23 15:56:00,87390.31,87418.0,87360.0,87360.88,7.22259
2025-12-23 15:57:00,87360.87,87424.49,87347.29,87424.48,9.09199
2025-12-23 15:58:00,87424.49,87500.75,87415.74,87494.88,12.87305
2025-12-23 15:59:00,87494.88,87494.88,87443.45,87443.45,7.66083
2025-12-23 16:00:00,87443.45,87443.46,87351.63,87351.64,13.62123
2025-12-23 16:01:00,87351.64,87478.59,87325.4,87455.54,9.08452
2025-12-23 16:02:00,87455.54,87631.24,87454.85,87580.0,33.04515
2025-12-23 16:03:00,87580.01,88095.6,87580.01,88082.87,147.64445
2025-12-23 16:04:00,88082.87,88189.64,88014.99,88086.14,62.78327
2025-12-23 16:05:00,88087.47,88129.12,87864.83,87864.84,20.01988
2025-12-23 16:06:00,87864.84,87973.67,87842.0,87973.67,21.01397
2025-12-23 16:07:00,87973.67,88066.0,87887.04,87932.87,53.84955
2025-12-23 16:08:00,87932.87,87932.87,87784.49,87784.5,28.26613
2025-12-23 16:09:00,87784.49,87828.36,87690.0,87783.97,33.2011
2025-12-23 16:10:00,87783.97,87813.39,87623.41,87625.01,14.73056
2025-12-23 16:11:00,87625.0,87745.5,87625.0,87707.74,14.78997
2025-12-23 16:12:00,87707.74,87707.75,87614.79,87618.29,11.75801
2025-12-23 16:13:00,87618.3,87788.63,87614.79,87705.36,99.07883
2025-12-23 16:14:00,87705.37,87778.63,87659.48,87778.63,12.47197
2025-12-23 16:15:00,87779.11,87817.92,87762.15,87788.99,8.98261
2025-12-23 16:16:00,87789.0,87898.0,87788.99,87842.31,18.16002
2025-12-23 16:17:00,87842.3,87961.53,87842.3,87941.99,10.06515
2025-12-23 16:18:00,87941.99,87948.0,87904.48,87908.75,7.96352
